name,address,postalcode,city,region,country,email
"Fraport AG","Havensteinstr. 95c","75838","Alt Karlotta","Hamburg","Germany","info@fraport.com"
"Lechwerke AG","Fritz-Henseler-Str. 317","1639","Kuskedorf","Hessen","Germany","info@lechwerke.com"
"VERBIO Vereinigte BioEnergie AG","Zum Claashäuschen 4","6169","Nord Heleneland","Hamburg","Germany","info@verbio.com"
"LANXESS AG","Platanenweg 3","82999","Noeldorf","Schleswig-Holstein","Germany","info@lanxess.com"
"K+S AG","Kump 85a","85925","Belzstadt","Brandenburg","Germany","info@k+s.com"
"H&K AG","Weiherfeld 6","39331","Nord Rayan","Niedersachsen","Germany","contact@h&k.com"
"METRO AG","In der Birkenau 8","48400","Alt Vincentland","Thüringen","Germany","contact@metro.com"
"Krones AG","Paul-Löbe-Str. 6","13673","Sattelmaierburg","Mecklenburg-Vorpommern","Germany","contact@krones.com"
"Aurubis AG","Friedrich-Ebert-Platz 83b","92274","Oseistadt","Berlin","Germany","contact@aurubis.com"
"AIXTRON SE","Werkstättenstr. 782","27689","Alt Jayson","Thüringen","Germany","contact@aixtron.com"
"Encavis AG","Farnweg 158","17844","West Emir","Mecklenburg-Vorpommern","Germany","contact@encavis.com"
"Gelsenwasser AG","Kleine Kirchstr. 41a","76344","West Aymandorf","Sachsen-Anhalt","Germany","contact@gelsenwasser.com"
"Nordex SE","Atzlenbacher Str. 375","6109","Nord Edgardorf","Schleswig-Holstein","Germany","contact@nordex.com"
"Mainova AG","Lichstr. 61c","58375","Hübenbeckerscheid","Bayern","Germany","contact@mainova.com"
"Tradegate AG","Hallesche Str. 738","6135","Lolaland","Sachsen","Germany","contact@tradegate.com"
"Ströer SE & Co. KGaA","Am Weingarten 35c","22419","Koenigland","Mecklenburg-Vorpommern","Germany","contact@ströer.com"
"Hensoldt AG","Bielertstr. 33a","83859","Nord Wiebke","Baden-Württemberg","Germany","contact@hensoldt.com"
"SMA Solar Technology AG","Freiheitstr. 55","18722","Ost Nicoscheid","Saarland","Germany","contact@sma.com"
"Atoss AG","Kamptalweg 16","85097","Ninaburg","Schleswig-Holstein","Germany","contact@atoss.com"
"GRENKE AG","Euckenstr. 03a","14084","Sussmannburg","Rheinland-Pfalz","Germany","contact@grenke.com"
"Energiekontor AG","Adalbertstr. 54c","54644","West Marwin","Baden-Württemberg","Germany","contact@energiekontor.com"
"CANCOM SE","Gluckstr. 81b","85374","Annalenaland","Thüringen","Germany","contact@cancom.com"
"Varta AG","Espenweg 2","93236","Wiebkescheid","Baden-Württemberg","Germany","contact@varta.com"
"Hornbach Holding AG","Voigtslach 68","16585","Lionelscheid","Saarland","Germany","contact@hornbach.com"
"Formycon AG","Max-Planck-Str. 574","16480","West Chrisland","Brandenburg","Germany","contact@formycon.com"
"Biosearch SA","Fürstenbergplatz 37b","73629","Doblerdorf","Bayern","Germany","contact@biosearch.com"
"Uniper SE","Rolandstr. 12a","15393","Bad Enno","Saarland","Germany","contact@uniper.com"
"Maschinenfabrik Berthold Hermle","Fester Weg 99a","50880","Alt Mick","Bremen","Germany","contact@maschinenfabrik.com"
"Basler AG","Distelkamp 1","52937","Ost Luzie","Sachsen","Germany","contact@basler.com"
"Pfeiffer Vacuum Tech. AG","Auf der Ohmer 35","88939","Bad Marlodorf","Hamburg","Germany","contact@pfeiffer.com"
"Nagarro SE","Uppersberg 8","99184","Henrikdorf","Baden-Württemberg","Germany","contact@nagarro.com"
"Jenoptik AG","Hufer Weg 87c","48505","Linoburg","Hessen","Germany","contact@jenoptik.com"
"BayWa AG","Menchendahler Str. 17","4820","Ost Burakland","Brandenburg","Germany","contact@baywa.com"
"Dermapharm Holding","Umlag 0","7032","Süd Selimdorf","Hamburg","Germany","contact@dermapharm.com"
"Berliner MVV Energie AG","Im Rottland 8","34846","Nord Curtburg","Sachsen-Anhalt","Germany","contact@berliner.com"
"Park & Bellheimer AG","Gartenstr. 85a","85622","Amirscheid","Baden-Württemberg","Germany","contact@park.com"
"CytoTools AG","Auf dem Lehn 8","94125","Gürbigland","Niedersachsen","Germany","contact@cytotools.com"
"ItN Nanovation AG","Otto-Müller-Str. 88b","89494","Hillerland","Baden-Württemberg","Germany","contact@itn.com"
"Qualcomm Incorporated","7091 Karine Port","2195","Alethaburgh","Alaska","USA","contact@qualcomm.com"
"CVS Health Corporation","67879 Gutmann Overpass","9920","Littlemouth","Oklahoma","USA","contact@cvs.com"
"Lowe's Companies","3964 Tamia Key","18675-6805","Friedahaven","North Dakota","USA","contact@lowe's.com"
"Intuit Inc.","104 Jarrod Park","79346","Jacobsonshire","Hawaii","USA","contact@intuit.com"
"S&P Global Inc.","392 Harmon Burg","98180","Rossieberg","Montana","USA","contact@s&p.com"
"Prologis","05561 Fay Spurs","47863","Lake Santiago","Oklahoma","USA","contact@prologis.com"
"Gilead Sciences","7269 Mayer Lights","78226","Reichertmouth","Arizona","USA","contact@gilead.com"
"BlackRock","746 Jasen Ferry","00766-3107","Bergnaumfort","Pennsylvania","USA","contact@blackrock.com"
"Advanced Micro Devices","47219 Emie Divide","05071-3206","South Vidal","Alabama","USA","contact@advanced.com"
"Cigna Corporation","27504 OKon Spurs","05925-8895","South Javonborough","Michigan","USA","contact@cigna.com"
"Automatic Data Processing","31155 Kale Village","71184-4121","Myahshire","Pennsylvania","USA","contact@automatic.com"
"Intuitive Surgical","95860 Nikolaus Islands","15997","North Estherhaven","Florida","USA","contact@intuitive.com"
"The Estée Lauder Companies Inc.","27650 Hailee Springs","10016","Magdalentown","Ohio","USA","contact@the.com"
"Citigroup Inc.","79708 Alexandrea Place","84081","North Sylvan","Vermont","USA","contact@citigroup.com"
"Northrop Grumman Corporation","90218 Vladimir Walks","00660-8321","Toreybury","Washington","USA","contact@northrop.com"
"Analog Devices","361 Marina Inlet","78827-2565","West Minnieland","Maine","USA","contact@analog.com"
"Conversion Labs","59629 Bartell Stravenue","12916-0204","Connstad","Montana","USA","contact@conversion.com"
"Marsh & McLennan Companies","844 Jacklyn Spurs","26288","Miaview","Connecticut","USA","contact@marsh.com"
"Altria Group","09173 Abshire Village","59214-3134","Gardnertown","North Carolina","USA","contact@altria.com"
"Applied Materials","0986 Shanie View","86947","Port Tillmanfort","Michigan","USA","contact@applied.com"
"PayPal Holdings","6450 Hane Haven","52516-8055","Port Vivienneshire","Minnesota","USA","contact@paypal.com"
"Duke Energy Corporation","227 Elise Walks","57307","Gibsonberg","Nebraska","USA","contact@duke.com"
"The Southern Company","80802 Grant Port","1859","South Ravenshire","Wisconsin","USA","contact@the.com"
"The Progressive Corporationy","557 Antwan Valleys","66010-8890","Yasminemouth","Ohio","USA","contact@the.com"
"Schlumberger Limited","36925 Edgar Course","96214","Mooreland","Utah","USA","contact@schlumberger.com"
"Vertex Pharmaceuticals Incorporatedy","3099 Runolfsdottir Bypass","95453","Gretchenport","Massachusetts","USA","contact@vertex.com"
"Becton","82962 Olin Walks","11551","Koelpinport","Arkansas","USA","contact@becton.com"
"EOG Resources","41512 Garry Creek","79031","Moenmouth","Alabama","USA","contact@eog.com"
"Illinois Tool Works Inc.dustrial Machinery","938 Turcotte Vista","24223-5383","New Lloydburgh","Alabama","USA","contact@illinois.com"
"HCA Healthcare","0556 Goyette Meadows","24954","North Vincehaven","Maryland","USA","contact@hca.com"
"Target Corporation","586 Kellen Gateway","4466","South Zoilaside","Delaware","USA","contact@target.com"
"Air Products and Chemicals","56784 Bertram Mills","59332-2664","Laurieside","New Hampshire","USA","contact@air.com"
"Moderna","59542 Anibal Creek","68240-8530","West Chelseamouth","Oklahoma","USA","contact@moderna.com"
"Zoetis Inc.","296 Vandervort Squares","7633","South Mckennaton","South Carolina","USA","contact@zoetis.com"
"General Dynamics Corporation","95746 Holly Pass","36385-0980","Saulmouth","Louisiana","USA","contact@general.com"
"Boston Scientific Corporation","371 Vernice Centers","22293-7143","Harbershire","Rhode Island","USA","contact@boston.com"
"CSX Corporation","6116 Isidro Village","42446-4040","East Miguelview","Utah","USA","contact@csx.com"
"Waste Management","7150 Kshlerin Parks","60498-7786","Wilkinsonfurt","Texas","USA","contact@waste.com"
"Fiserv","262 McLaughlin Stream","83462","East Heidi","Vermont","USA","contact@fiserv.com"
"Humana Inc.","513 Blaze Junctions","59050","Mercedesberg","Rhode Island","USA","contact@humana.com"
"BlackRock Municipal Bond Trust","6867 Kovacek Squares","49149","Hollisbury","Mississippi","USA","contact@blackrock.com"
"The Sherwin-Williams Company","42599 Jaskolski Knoll","95008","West Rupert","Vermont","USA","contact@the.com"
"Equinix","11058 Ivy Burgs","97270-6863","West Beaulahmouth","Kentucky","USA","contact@equinix.com"
"CME Group Inc.","60929 Boyer Stream","90178","New Joanny","Missouri","USA","contact@cme.com"
"Nesco Holdings","543 Barton Pass","63221","Port Annamaestad","Maine","USA","contact@nesco.com"
"Lam Research Corporation","9335 Runolfsson Radial","53039","New Ellen","New York","USA","contact@lam.com"
"Intercontinental Exchange","4354 Cummerata Meadows","95019","South Gianni","Connecticut","USA","contact@intercontinental.com"
"Norfolk Southern Corporations","1042 McKenzie Plains","50241","West Vita","Texas","USA","contact@norfolk.com"
"Occidental Petroleum Corporation&P","94905 Tillman Villages","58980","East Damon","Louisiana","USA","contact@occidental.com"
"Emerson Electric Co.","46430 Schowalter Shoals","24640","West Laurianne","New Mexico","USA","contact@emerson.com"
"Micron Technology","561 Haylee Falls","60461-6450","Candaceton","Maryland","USA","contact@micron.com"
"Monster Beverage Corporation","83334 Goldner Gateway","19391-0038","Nonashire","Oklahoma","USA","contact@monster.com"
"O'Reilly Automotive","38093 Price Drive","32037","West Lavernestad","Connecticut","USA","contact@o'reilly.com"
"Charter Communications","522 Layne Throughway","55741","East Vernonton","Georgia","USA","contact@charter.com"
"Enterprise Products Partners L.P.","6881 Wiza Hills","65461","Danielborough","Texas","USA","contact@enterprise.com"
"Dominion Energy","53079 Adriana Stravenue","39109","New Chaim","Delaware","USA","contact@dominion.com"
"KKR & Co. Inc.","1513 Declan Shoal","46456-4903","South Abelardo","Virginia","USA","contact@kkr.com"
"Marathon Petroleum Corporation","150 Goldner Stravenue","42577-4322","North Arvillaland","California","USA","contact@marathon.com"
"Moodys Corporation","51406 Hand Plains","40656-7982","West Anthony","South Carolina","USA","contact@moody's.com"
"Keurig Dr Pepper Inc.","791 Jimmy Ways","54591","East Antonettetown","Alabama","USA","contact@keurig.com"
"Sainsburys","10190 Dibbert Turnpike","53036-8249","Lake Sandraborough","Wisconsin","USA","sales@sainsbury's.com"
"Lululemon Athletica Inc.","495 Bode Mountain","H8J 6J1","New Arvilla","Nova Scotia","Canada","sales@lululemon.com"
"Nutrien Ltd.","14963 Gleichner Via","L6Y 3R9","North Ahmad","Newfoundland and Labrador","Canada","sales@nutrien.com"
"Loblaw Companies Limited","430 Adolph Prairie","V9C 9Z8","Kingchester","New Brunswick","Canada","sales@loblaw.com"
"Franco-Nevada Corporation","894 Tad Via","B2O 6V2","Muraziktown","New Brunswick","Canada","sales@franco-nevada.com"
"Teck Resources Limited","6317 Russel Creek","N4N 3O6","West Hayleestad","Ontario","Canada","sales@teck.com"
"WSP Global Inc.","5494 Flo Courts","A7H 7F3","North Leann","Manitoba","Canada","sales@wsp.com"
"Sprott Physical Gold Trust","5561 Cruickshank Heights","N2Q 7H4","Port Revatown","New Brunswick","Canada","sales@sprott.com"
"Goodman Group","843 Amiya Drive","M6J 3I7","East Laurianneberg","Nunavut","Canada","sales@goodman.com"
"Algonquin Power and Utilities Corp.","70393 German Junctions","G6H 2Y1","Farrellview","New Brunswick","Canada","sales@algonquin.com"
"Origin Energy","2211 Rahsaan Bypass","T6N 8R3","Nelleport","New Brunswick","Canada","sales@origin.com"
"AGL Energy","506 Huel Island","4228","Ivyville","Victoria","Australia","sales@agl.com"
"Amcor","0396 Mckenzie Station St","8929","Ferryhaven","New South Wales","Australia","sales@amcor.com"
"Kinaxis Inc.","16 Abigail Street","4740","North Lucy","Western Australia","Australia","sales@kinaxis.com"
"Qantas","7853 Alana Parade","1438","Jenkinston","South Australia","Australia","sales@qantas.com"
"Transurban","46 Phoenix Island","7644","Bergemouth","Victoria","Australia","sales@transurban.com"
"Caltex Australia","07 Lakin Court","9709","Jacobiborough","Northern Territory","Australia","sales@caltex.com"
"Santos","135 Zara Circuit","5522","Elizabethberg","South Australia","Australia","sales@santos.com"
"Brambles","8158 Emily Place","2773","Oscarborough","Tasmania","Australia","sales@brambles.com"
"Dexus","94717 Swift Mission","5366","Lake Gerhard","Minnesota","South Africa","sales@dexus.com"
"Rio Tinto","478 Sister Knoll","3889","West Mosestown","Tennessee","South Africa","sales@rio.com"
"Anglo American","08541 Luettgen Greens","62808","West Steve","California","South Africa","sales@anglo.com"
"GPT Group","618 Rowe Motorway","1885","Carlottaburgh","Ohio","South Africa","sales@gpt.com"
"Lendlease","Brulunden 5","373","Malhelle","-","Norway","sales@lendlease.com"
"Ramsay Health Care","Hestemyrstranda 41","1353","Vestsjøen","-","Norway","sales@ramsay.com"
"BlueScope","Daansteeg 67","8748 UY","Blauw","Limburg","Netherlands","sales@bluescope.com"
"Koninklijke Ahold Delhaize N.V.","Ambergracht 214","8057 WK","Veneweer","Drenthe","Netherlands","sales@koninklijke.com"
"Akzo Nobel N.V.","Anneplantsoen 308b","6215 TJ","Middelijk","Drenthe","Netherlands","sales@akzo.com"
"Essity AB","Anderssons Gata 167","2184","Kristhamn","Jönköping","Sweden","sales@essity.com"
"Investment AB Latour","Idrottsgränden 02","89056","Österborg","Dalarna","Sweden","sales@investment.com"
"Beijer Ref AB","Aprils Gata 02","58734","Haborg","Dalarna","Sweden","sales@beijer.com"
"Lifco AB","Stationsallén 5","75461","Arhult","Västerbotten","Sweden","sales@lifco.com"
"GrandVision N.V.","Ängsgatan 9","95446","Kristfors","Älvsborg","Sweden","salesgv@gmail.com"
"Castellum AB","Svenssons Väg 338","29346","Enås","Blekinge","Sweden","sales@castellum.com"
"Aalberts N.V.","Övre Åkerallén 89","46493","Södersta","Jönköping","Sweden","sales@aalberts.com"
"Intertrust N.V.","Undre Furuvägen 637","74849","Helsingland","Kronoberg","Sweden","sales@intertrust.com"
"Etn. Fr. Colruyt","Decosterpark 605b","8037","Desteldonkzele","West-Vlaanderen","Belgium","sales@etn..com"
"Cofinimmo SA","Verstraetepark 628","3684","Neerlandenzele","Vlaams-Brabant","Belgium","contact@cofinimmo.com"
"Tessenderlo Group NV","Thijsdreef 03","4914","Handzame","West-Vlaanderen","Belgium","contact@tessenderlo.com"
"Galapagos NV","Kegelprielstraße 3","1903","Eisenstadt","Wien","Austria","contact@galapagos.com"
"Barco NV","Schaunbergerstraße 0","9789","Ellmau","Salzburg","Austria","contact@barco.com"
"Wendel","Franz-von-Assisi-Straße 18b","4950","Wien","Steiermark","Austria","contact@wendel.com"
"Bureau Veritas SA","6278 Boulevard de Solférino","42349","Le Mans","Alsace","France","contact@bureau.com"
"Rémy Cointreau SA","28 Allée Oberkampf","86190","Rennes","Aquitaine","France","contact@rémy.com"
"JCDecaux SA","1103 Allée dAbbeville","32349","Saint-Maur-des-Fossés","Poitou-Charentes","France","contact@jcdecaux.com"
"NuCana plc","55 Nith Street","PH34 9WA","Glendessary","Norfolk","UK","contact@nucana.com"
"Afentra PLC","90 Russell Rd","IP25 2TE","Shipdham","East Riding of Yorkshire","UK","contact@afentra.com"
"Wentworth Resources plc","22 Hotham Hall Harrybeck Lane","YO43 4UA","London","Greater London","UK","contact@wentworth.com"
